"","alleleVector","cw50.glm.values"
"1","A",74.399861512511
"2","B",84.1900147493632
"3","C",88.8016095801958
"4","D",82.0100004717251
"5","E",79.6799116631009
"6","F",73.2797993992187
"7","G",110.389734360174
"8","H",68.4799215835413
"9","I",81.8699989939683
"10","J",59.2199999765023
"11","K",90.9816823554234
"12","L",81.509806830971
"13","M",76.7494113787304
"14","N",89.350880352294
"15","T",74.119639451697
"16","U",74.5794436197364
